{
  "JobDirCreationTime": "2023-02-15T00:00:00Z",
  "VMIResult": {
    "Values": {
      "CREATE-pods-count": {
        "value": 150.11111111111111
      }
    }
  },
  "VMResult": {
    "Values": {
      "CREATE-pods-count": {
        "value": 150.11111111111111
      }
    }
  }
}
